{
  "worldName": "custom",
  "options": {
    "imageURL": "https://lh3.googleusercontent.com/m7t-9AInPJB6pPVe3kT8dsH1JgX27zL-JzLnHM6_mjpD7IQA-nxu4LyHeZK4T2NeDXirOuD6uem_6NbMktY9IZi1zJFONRKF-8lxGJA",
    "groundType": "box",
    "length": 100,
    "width": 100,
    "uScale": 1,
    "vScale": 1,
    "imageScale": 3.66,
    "timer": "none",
    "timerDuration": 60,
    "timerEnd": "continue",
    "wall": true,
    "wallHeight": 0.1,
    "wallThickness": 13.6,
    "wallColor": "#1A1A1A",
    "groundFriction": 1,
    "wallFriction": 0.1,
    "groundRestitution": 0,
    "wallRestitution": 0.1,
    "restartAnimationOnRun": false,
    "objects": [
      {
        "type": "cylinder",
        "position": [
          -20.4,
          0.4,
          7.5
        ],
        "rotationMode": "degrees",
        "rotation": [
          0,
          0,
          0
        ],
        "animationMode": "none",
        "animationKeys": [],
        "size": [
          15,
          5,
          5
        ],
        "modelURL": "",
        "modelScale": 10,
        "modelAnimation": "None",
        "color": "#008000",
        "imageType": "cylinder",
        "imageURL": "",
        "uScale": 1,
        "vScale": 1,
        "physicsOptions": "moveable",
        "magnetic": false,
        "laserDetection": "normal",
        "ultrasonicDetection": "normal",
        "receiveShadows": false,
        "castShadows": false,
        "isPickable": true
      },
      {
        "type": "cylinder",
        "position": [
          51.2,
          0.4,
          7.68
        ],
        "rotationMode": "degrees",
        "rotation": [
          0,
          0,
          0
        ],
        "animationMode": "none",
        "animationKeys": [],
        "size": [
          15,
          5,
          5
        ],
        "modelURL": "",
        "modelScale": 10,
        "modelAnimation": "None",
        "color": "#0000ff",
        "imageType": "cylinder",
        "imageURL": "",
        "uScale": 1,
        "vScale": 1,
        "physicsOptions": "moveable",
        "magnetic": false,
        "laserDetection": "normal",
        "ultrasonicDetection": "normal",
        "receiveShadows": false,
        "castShadows": false,
        "isPickable": true
      },
      {
        "type": "cylinder",
        "position": [
          -10.4,
          0.4,
          7.5
        ],
        "rotationMode": "degrees",
        "rotation": [
          0,
          0,
          0
        ],
        "animationMode": "none",
        "animationKeys": [],
        "size": [
          15,
          5,
          5
        ],
        "modelURL": "",
        "modelScale": 10,
        "modelAnimation": "None",
        "color": "#ff0000",
        "imageType": "cylinder",
        "imageURL": "",
        "uScale": 1,
        "vScale": 1,
        "physicsOptions": "moveable",
        "magnetic": false,
        "laserDetection": "normal",
        "ultrasonicDetection": "normal",
        "receiveShadows": false,
        "castShadows": false,
        "isPickable": true
      },
      {
        "type": "cylinder",
        "position": [
          -30.8,
          0.4,
          7.68
        ],
        "rotationMode": "degrees",
        "rotation": [
          0,
          0,
          0
        ],
        "animationMode": "none",
        "animationKeys": [],
        "size": [
          15,
          5,
          5
        ],
        "modelURL": "",
        "modelScale": 10,
        "modelAnimation": "None",
        "color": "#803300",
        "imageType": "cylinder",
        "imageURL": "",
        "uScale": 1,
        "vScale": 1,
        "physicsOptions": "moveable",
        "magnetic": false,
        "laserDetection": "normal",
        "ultrasonicDetection": "normal",
        "receiveShadows": false,
        "castShadows": false,
        "isPickable": true
      },
      {
        "type": "cylinder",
        "position": [
          -51.2,
          0.4,
          7.5
        ],
        "rotationMode": "degrees",
        "rotation": [
          0,
          0,
          0
        ],
        "animationMode": "none",
        "animationKeys": [],
        "size": [
          15,
          5,
          5
        ],
        "modelURL": "",
        "modelScale": 10,
        "modelAnimation": "None",
        "color": "#0000ff",
        "imageType": "cylinder",
        "imageURL": "",
        "uScale": 1,
        "vScale": 1,
        "physicsOptions": "moveable",
        "magnetic": false,
        "laserDetection": "normal",
        "ultrasonicDetection": "normal",
        "receiveShadows": false,
        "castShadows": false,
        "isPickable": true
      },
      {
        "type": "cylinder",
        "position": [
          10,
          0.4,
          7.5
        ],
        "rotationMode": "degrees",
        "rotation": [
          0,
          0,
          0
        ],
        "animationMode": "none",
        "animationKeys": [],
        "size": [
          15,
          5,
          5
        ],
        "modelURL": "",
        "modelScale": 10,
        "modelAnimation": "None",
        "color": "#ff0000",
        "imageType": "cylinder",
        "imageURL": "",
        "uScale": 1,
        "vScale": 1,
        "physicsOptions": "moveable",
        "magnetic": false,
        "laserDetection": "normal",
        "ultrasonicDetection": "normal",
        "receiveShadows": false,
        "castShadows": false,
        "isPickable": true
      },
      {
        "type": "cylinder",
        "position": [
          20.4,
          0.4,
          7.68
        ],
        "rotationMode": "degrees",
        "rotation": [
          0,
          0,
          0
        ],
        "animationMode": "none",
        "animationKeys": [],
        "size": [
          15,
          5,
          5
        ],
        "modelURL": "",
        "modelScale": 10,
        "modelAnimation": "None",
        "color": "#008000",
        "imageType": "cylinder",
        "imageURL": "",
        "uScale": 1,
        "vScale": 1,
        "physicsOptions": "moveable",
        "magnetic": false,
        "laserDetection": "normal",
        "ultrasonicDetection": "normal",
        "receiveShadows": false,
        "castShadows": false,
        "isPickable": true
      },
      {
        "type": "cylinder",
        "position": [
          30.8,
          0.4,
          7.5
        ],
        "rotationMode": "degrees",
        "rotation": [
          0,
          0,
          0
        ],
        "animationMode": "none",
        "animationKeys": [],
        "size": [
          15,
          5,
          5
        ],
        "modelURL": "",
        "modelScale": 10,
        "modelAnimation": "None",
        "color": "#803300",
        "imageType": "cylinder",
        "imageURL": "",
        "uScale": 1,
        "vScale": 1,
        "physicsOptions": "moveable",
        "magnetic": false,
        "laserDetection": "normal",
        "ultrasonicDetection": "normal",
        "receiveShadows": false,
        "castShadows": false,
        "isPickable": true
      },
      {
        "type": "cylinder",
        "position": [
          41.2,
          0.4,
          4.8
        ],
        "rotationMode": "degrees",
        "rotation": [
          0,
          0,
          0
        ],
        "animationMode": "none",
        "animationKeys": [],
        "size": [
          10,
          5,
          5
        ],
        "modelURL": "",
        "modelScale": 10,
        "modelAnimation": "None",
        "color": "#0000ff",
        "imageType": "cylinder",
        "imageURL": "",
        "uScale": 1,
        "vScale": 1,
        "physicsOptions": "moveable",
        "magnetic": false,
        "laserDetection": "normal",
        "ultrasonicDetection": "normal",
        "receiveShadows": false,
        "castShadows": false,
        "isPickable": true
      },
      {
        "type": "cylinder",
        "position": [
          -0.4,
          0.4,
          7.5
        ],
        "rotationMode": "degrees",
        "rotation": [
          0,
          0,
          0
        ],
        "animationMode": "none",
        "animationKeys": [],
        "size": [
          15,
          5,
          5
        ],
        "modelURL": "",
        "modelScale": 10,
        "modelAnimation": "None",
        "color": "#ff0000",
        "imageType": "cylinder",
        "imageURL": "",
        "uScale": 1,
        "vScale": 1,
        "physicsOptions": "moveable",
        "magnetic": false,
        "laserDetection": "normal",
        "ultrasonicDetection": "normal",
        "receiveShadows": false,
        "castShadows": false,
        "isPickable": true
      },
      {
        "type": "cylinder",
        "position": [
          -41.2,
          0.4,
          5
        ],
        "rotationMode": "degrees",
        "rotation": [
          0,
          0,
          0
        ],
        "animationMode": "none",
        "animationKeys": [],
        "size": [
          10,
          5,
          5
        ],
        "modelURL": "",
        "modelScale": 10,
        "modelAnimation": "None",
        "color": "#0000ff",
        "imageType": "cylinder",
        "imageURL": "",
        "uScale": 1,
        "vScale": 1,
        "physicsOptions": "moveable",
        "magnetic": false,
        "laserDetection": "normal",
        "ultrasonicDetection": "normal",
        "receiveShadows": false,
        "castShadows": false,
        "isPickable": true
      }
    ],
    "startPos": "center",
    "startPosXYZStr": "",
    "startRotStr": "",
    "startPosXYZ": [
      0,
      -145,
      0
    ],
    "startRot": 0,
    "arenaStartPosXYZ": null,
    "arenaStartRot": null
  }
}