{
  "worldName": "custom",
  "options": {
    "imageURL": "https://i.imgur.com/HWN8iT5.png",
    "groundType": "box",
    "length": 100,
    "width": 100,
    "uScale": 1,
    "vScale": 1,
    "imageScale": 0.128,
    "timer": "none",
    "timerDuration": 60,
    "timerEnd": "continue",
    "wall": true,
    "wallHeight": 0.1,
    "wallThickness": 13.6,
    "wallColor": "#1A1A1A",
    "groundFriction": 1,
    "wallFriction": 0.1,
    "groundRestitution": 0,
    "wallRestitution": 0.1,
    "restartAnimationOnRun": false,
    "objects": [
      {
        "type": "cylinder",
        "position": [
          -20.17066757906795,
          0.4599823288689905,
          7.499999999999999
        ],
        "rotationMode": "degrees",
        "rotation": [
          0,
          0,
          0
        ],
        "animationMode": "none",
        "animationKeys": [],
        "size": [
          15,
          5,
          5
        ],
        "modelURL": "",
        "modelScale": 10,
        "modelAnimation": "None",
        "color": "#008000",
        "imageType": "cylinder",
        "imageURL": "",
        "uScale": 1,
        "vScale": 1,
        "physicsOptions": "moveable",
        "magnetic": false,
        "laserDetection": "normal",
        "ultrasonicDetection": "normal",
        "receiveShadows": false,
        "castShadows": false,
        "isPickable": true
      },
      {
        "type": "cylinder",
        "position": [
          50.31942663729048,
          0.4,
          7.499999999999999
        ],
        "rotationMode": "degrees",
        "rotation": [
          0,
          0,
          0
        ],
        "animationMode": "none",
        "animationKeys": [],
        "size": [
          15,
          5,
          5
        ],
        "modelURL": "",
        "modelScale": 10,
        "modelAnimation": "None",
        "color": "#0000ff",
        "imageType": "cylinder",
        "imageURL": "",
        "uScale": 1,
        "vScale": 1,
        "physicsOptions": "moveable",
        "magnetic": false,
        "laserDetection": "normal",
        "ultrasonicDetection": "normal",
        "receiveShadows": false,
        "castShadows": false,
        "isPickable": true
      },
      {
        "type": "cylinder",
        "position": [
          -10.12879476535318,
          0.5862181645972426,
          7.499999999999999
        ],
        "rotationMode": "degrees",
        "rotation": [
          0,
          0,
          0
        ],
        "animationMode": "none",
        "animationKeys": [],
        "size": [
          15,
          5,
          5
        ],
        "modelURL": "",
        "modelScale": 10,
        "modelAnimation": "None",
        "color": "#ff0000",
        "imageType": "cylinder",
        "imageURL": "",
        "uScale": 1,
        "vScale": 1,
        "physicsOptions": "moveable",
        "magnetic": false,
        "laserDetection": "normal",
        "ultrasonicDetection": "normal",
        "receiveShadows": false,
        "castShadows": false,
        "isPickable": true
      },
      {
        "type": "cylinder",
        "position": [
          -30.26494549416731,
          0.48585447134719717,
          7.499999999999999
        ],
        "rotationMode": "degrees",
        "rotation": [
          0,
          0,
          0
        ],
        "animationMode": "none",
        "animationKeys": [],
        "size": [
          15,
          5,
          5
        ],
        "modelURL": "",
        "modelScale": 10,
        "modelAnimation": "None",
        "color": "#803300",
        "imageType": "cylinder",
        "imageURL": "",
        "uScale": 1,
        "vScale": 1,
        "physicsOptions": "moveable",
        "magnetic": false,
        "laserDetection": "normal",
        "ultrasonicDetection": "normal",
        "receiveShadows": false,
        "castShadows": false,
        "isPickable": true
      },
      {
        "type": "cylinder",
        "position": [
          -50.4092576194026,
          0.4835341685705018,
          7.499999999999999
        ],
        "rotationMode": "degrees",
        "rotation": [
          0,
          0,
          0
        ],
        "animationMode": "none",
        "animationKeys": [],
        "size": [
          15,
          5,
          5
        ],
        "modelURL": "",
        "modelScale": 10,
        "modelAnimation": "None",
        "color": "#0000ff",
        "imageType": "cylinder",
        "imageURL": "",
        "uScale": 1,
        "vScale": 1,
        "physicsOptions": "moveable",
        "magnetic": false,
        "laserDetection": "normal",
        "ultrasonicDetection": "normal",
        "receiveShadows": false,
        "castShadows": false,
        "isPickable": true
      },
      {
        "type": "cylinder",
        "position": [
          10,
          0.4,
          7.499999999999999
        ],
        "rotationMode": "degrees",
        "rotation": [
          0,
          0,
          0
        ],
        "animationMode": "none",
        "animationKeys": [],
        "size": [
          15,
          5,
          5
        ],
        "modelURL": "",
        "modelScale": 10,
        "modelAnimation": "None",
        "color": "#ff0000",
        "imageType": "cylinder",
        "imageURL": "",
        "uScale": 1,
        "vScale": 1,
        "physicsOptions": "moveable",
        "magnetic": false,
        "laserDetection": "normal",
        "ultrasonicDetection": "normal",
        "receiveShadows": false,
        "castShadows": false,
        "isPickable": true
      },
      {
        "type": "cylinder",
        "position": [
          20.19111159972895,
          0.5300457042337158,
          7.499999999999999
        ],
        "rotationMode": "degrees",
        "rotation": [
          0,
          0,
          0
        ],
        "animationMode": "none",
        "animationKeys": [],
        "size": [
          15,
          5,
          5
        ],
        "modelURL": "",
        "modelScale": 10,
        "modelAnimation": "None",
        "color": "#008000",
        "imageType": "cylinder",
        "imageURL": "",
        "uScale": 1,
        "vScale": 1,
        "physicsOptions": "moveable",
        "magnetic": false,
        "laserDetection": "normal",
        "ultrasonicDetection": "normal",
        "receiveShadows": false,
        "castShadows": false,
        "isPickable": true
      },
      {
        "type": "cylinder",
        "position": [
          30.251151897549246,
          0.4,
          7.499999999999999
        ],
        "rotationMode": "degrees",
        "rotation": [
          0,
          0,
          0
        ],
        "animationMode": "none",
        "animationKeys": [],
        "size": [
          15,
          5,
          5
        ],
        "modelURL": "",
        "modelScale": 10,
        "modelAnimation": "None",
        "color": "#803300",
        "imageType": "cylinder",
        "imageURL": "",
        "uScale": 1,
        "vScale": 1,
        "physicsOptions": "moveable",
        "magnetic": false,
        "laserDetection": "normal",
        "ultrasonicDetection": "normal",
        "receiveShadows": false,
        "castShadows": false,
        "isPickable": true
      },
      {
        "type": "cylinder",
        "position": [
          40.17486715738784,
          0.4,
          5
        ],
        "rotationMode": "degrees",
        "rotation": [
          0,
          0,
          0
        ],
        "animationMode": "none",
        "animationKeys": [],
        "size": [
          10,
          5,
          5
        ],
        "modelURL": "",
        "modelScale": 10,
        "modelAnimation": "None",
        "color": "#0000ff",
        "imageType": "cylinder",
        "imageURL": "",
        "uScale": 1,
        "vScale": 1,
        "physicsOptions": "moveable",
        "magnetic": false,
        "laserDetection": "normal",
        "ultrasonicDetection": "normal",
        "receiveShadows": false,
        "castShadows": false,
        "isPickable": true
      },
      {
        "type": "cylinder",
        "position": [
          -0.04618524977253957,
          0.4284710599955105,
          7.499999999999999
        ],
        "rotationMode": "degrees",
        "rotation": [
          0,
          0,
          0
        ],
        "animationMode": "none",
        "animationKeys": [],
        "size": [
          15,
          5,
          5
        ],
        "modelURL": "",
        "modelScale": 10,
        "modelAnimation": "None",
        "color": "#ff0000",
        "imageType": "cylinder",
        "imageURL": "",
        "uScale": 1,
        "vScale": 1,
        "physicsOptions": "moveable",
        "magnetic": false,
        "laserDetection": "normal",
        "ultrasonicDetection": "normal",
        "receiveShadows": false,
        "castShadows": false,
        "isPickable": true
      },
      {
        "type": "cylinder",
        "position": [
          -40.3571560034971,
          0.5136989747433006,
          5
        ],
        "rotationMode": "degrees",
        "rotation": [
          0,
          0,
          0
        ],
        "animationMode": "none",
        "animationKeys": [],
        "size": [
          10,
          5,
          5
        ],
        "modelURL": "",
        "modelScale": 10,
        "modelAnimation": "None",
        "color": "#0000ff",
        "imageType": "cylinder",
        "imageURL": "",
        "uScale": 1,
        "vScale": 1,
        "physicsOptions": "moveable",
        "magnetic": false,
        "laserDetection": "normal",
        "ultrasonicDetection": "normal",
        "receiveShadows": false,
        "castShadows": false,
        "isPickable": true
      }
    ],
    "startPos": "center",
    "startPosXYZStr": "",
    "startRotStr": "",
    "startPosXYZ": [
      0,
      -145,
      0
    ],
    "startRot": 0,
    "arenaStartPosXYZ": null,
    "arenaStartRot": null
  }
}